Workbook

Sheet Tree 1
A1: Data Latih | E1: Data Uji | L1: tree 1 | M1: Data Latih | R1: Data Ujii
A2: Index | B2: Age | C2: Depression | E2: Index | F2: Age | G2: Depression | L2: Index | M2: Age | N2: Depression | O2: Pred_Tree1 | P2: Benar? | R2: Index | S2: Age | T2: Depression | U2: Pred_Tree1
A3: 0 | B3: 18 | C3: 1 | E3: 10 | F3: 20 | G3: 0 | L3: 0 | M3: 18 | N3: 1 | O3: =IF( M3 <= $L$17,$L$18,$L$19 ) -> 0 | P3: =IF( O3 = N3, 1, 0 ) -> 0 | R3: 10 | S3: 20 | T3: 0 | U3: =IF( S3 <= $L$17,$L$18,$L$19 ) -> 0
A4: 1 | B4: 21 | C4: 0 | L4: 1 | M4: 21 | N4: 0 | O4: =IF( M4 <= $L$17,$L$18,$L$19 ) -> 0 | P4: =IF( O4 = N4, 1, 0 ) -> 1
A5: 2 | B5: 19 | C5: 1 | E5: Impurity Awal | L5: 2 | M5: 19 | N5: 1 | O5: =IF( M5 <= $L$17,$L$18,$L$19 ) -> 0 | P5: =IF( O5 = N5, 1, 0 ) -> 0
A6: 3 | B6: 22 | C6: 1 | E6: Proporsi 1 | F6: =C14/C13 -> 0.4 | L6: 3 | M6: 22 | N6: 1 | O6: =IF( M6 <= $L$17,$L$18,$L$19 ) -> 1 | P6: =IF( O6 = N6, 1, 0 ) -> 1
A7: 4 | B7: 23 | C7: 0 | E7: Proporsi 2 | F7: =C15/C13 -> 0.6 | L7: 4 | M7: 23 | N7: 0 | O7: =IF( M7 <= $L$17,$L$18,$L$19 ) -> 1 | P7: =IF( O7 = N7, 1, 0 ) -> 0
A8: 5 | B8: 19 | C8: 0 | E8: Gini | F8: =1 - (F6^2 +F7^2 ) -> 0.48 | L8: 5 | M8: 19 | N8: 0 | O8: =IF( M8 <= $L$17,$L$18,$L$19 ) -> 0 | P8: =IF( O8 = N8, 1, 0 ) -> 1
A9: 6 | B9: 23 | C9: 1 | E9: Hitung Entropy | G9: Calon Treshold | L9: 6 | M9: 23 | N9: 1 | O9: =IF( M9 <= $L$17,$L$18,$L$19 ) -> 1 | P9: =IF( O9 = N9, 1, 0 ) -> 1
A10: 7 | B10: 18 | C10: 0 | E10: Age | G10: No | H10: Nilai A | I10: Nilai B | J10: Threshold | L10: 7 | M10: 18 | N10: 0 | O10: =IF( M10 <= $L$17,$L$18,$L$19 ) -> 0 | P10: =IF( O10 = N10, 1, 0 ) -> 1
A11: 8 | B11: 19 | C11: 0 | E11: {=_xlfn._xlws.SORT(B3:B12)} -> 18 | G11: 1 | H11: 18 | I11: 19 | J11: =(H11 + I11)/2 -> 18.5 | L11: 8 | M11: 19 | N11: 0 | O11: =IF( M11 <= $L$17,$L$18,$L$19 ) -> 0 | P11: =IF( O11 = N11, 1, 0 ) -> 1
A12: 9 | B12: 18 | C12: 0 | E12: 18 | G12: 2 | H12: 19 | I12: 21 | J12: =(H12 + I12)/2 -> 20 | L12: 9 | M12: 18 | N12: 0 | O12: =IF( M12 <= $L$17,$L$18,$L$19 ) -> 0 | P12: =IF( O12 = N12, 1, 0 ) -> 1
A13: Total Data: | C13: =COUNT(C3:C12) -> 10 | E13: 18 | G13: 3 | H13: 21 | I13: 22 | J13: =(H13 + I13)/2 -> 21.5 | L13: Jumlah Benar | M13: =SUM(P3:P12) -> 7
A14: Total Depresi | C14: =COUNTIF(C3:C12,1) -> 4 | E14: 19 | G14: 4 | H14: 22 | I14: 23 | J14: =(H14 + I14)/2 -> 22.5 | L14: Akurasi | M14: =7/10 -> 0.7
A15: Total Tidak Depresi | C15: =COUNTIF(C3:C12,0) -> 6 | E15: 19
E16: 19 | G16: Ket: | H16: L = | I16: left | J16: Reduction terbesar = | L16: =MAX(P23:P26) -> 0.060952381
E17: 21 | H17: R= | I17: right | J17: Threshold_Terbaik = | L17: =INDEX(B23:B26,MATCH(L16,P23:P26, 0)) -> 21.5
E18: 22 | H18: Dep1 = | I18: depresi | J18: Pred_left_Terbaik = | L18: 0
E19: 23 | H19: Dep 0 = | I19: tidak depresi | J19: Pred_Right_Terbaik = | L19: 1
E20: 23 | H20: p = | I20: Probabilitas
A21: Hitung entropy Age
A22: No | B22: Threshold | C22: Total_L | D22: Dep1_L | E22: Dep0_L | F22: p1_L | G22: p0_L | H22: Gini_L | I22: Total_R | J22: Dep1_R | K22: Dep0_R | L22: p1_R | M22: p0_R | N22: Gini_R | O22: Gini_Split | P22: Reduction | Q22: Pred_Left | R22: Pred_right
A23: 1 | B23: 18.5 | C23: =COUNTIF($B$3:$B$12,"<="&B23) -> 3 | D23: =COUNTIFS($B$3:$B$12, "<=" & B23,$C$3:$C$12, 1) -> 1 | E23: =COUNTIFS($B$3:$B$12, "<=" & B23,$C$3:$C$12, 0) -> 2 | F23: =D23 / C23 -> 0.33333333 | G23: =E23 / C23 -> 0.66666667 | H23: =1 - ( F23^2 +G23^2 ) -> 0.44444444 | I23: =$C$13 -C23 -> 7 | J23: =$C$14 -D23 -> 3 | K23: =$C$15 -E23 -> 4 | L23: =J23/I23 -> 0.42857143 | M23: =K23/I23 -> 0.57142857 | N23: =1 - ( L23^2 +M23^2 ) -> 0.48979592 | O23: =(C23 /$C$13) * H23 +(I23 / $C$13) * N23 -> 0.47619048 | P23: =$F$8 - O23 -> 0.0038095238 | Q23: =IF(D23 > E23, 1, 0) -> 0 | R23: =IF(J23 > K23, 1, 0) -> 0
A24: 2 | B24: 20 | C24: =COUNTIF($B$3:$B$12,"<="&B24) -> 6 | D24: =COUNTIFS($B$3:$B$12, "<=" & B24,$C$3:$C$12, 1) -> 2 | E24: =COUNTIFS($B$3:$B$12, "<=" & B24,$C$3:$C$12, 0) -> 4 | F24: =D24 / C24 -> 0.33333333 | G24: =E24 / C24 -> 0.66666667 | H24: =1 - ( F24^2 +G24^2 ) -> 0.44444444 | I24: =$C$13 -C24 -> 4 | J24: =$C$14 -D24 -> 2 | K24: =$C$15 -E24 -> 2 | L24: =J24/I24 -> 0.5 | M24: =K24/I24 -> 0.5 | N24: =1 - ( L24^2 +M24^2 ) -> 0.5 | O24: =(C24 /$C$13) * H24 +(I24 / $C$13) * N24 -> 0.46666667 | P24: =$F$8 - O24 -> 0.013333333 | Q24: =IF(D24 > E24, 1, 0) -> 0 | R24: =IF(J24 > K24, 1, 0) -> 0
A25: 3 | B25: 21.5 | C25: =COUNTIF($B$3:$B$12,"<="&B25) -> 7 | D25: =COUNTIFS($B$3:$B$12, "<=" & B25,$C$3:$C$12, 1) -> 2 | E25: =COUNTIFS($B$3:$B$12, "<=" & B25,$C$3:$C$12, 0) -> 5 | F25: =D25 / C25 -> 0.28571429 | G25: =E25 / C25 -> 0.71428571 | H25: =1 - ( F25^2 +G25^2 ) -> 0.40816327 | I25: =$C$13 -C25 -> 3 | J25: =$C$14 -D25 -> 2 | K25: =$C$15 -E25 -> 1 | L25: =J25/I25 -> 0.66666667 | M25: =K25/I25 -> 0.33333333 | N25: =1 - ( L25^2 +M25^2 ) -> 0.44444444 | O25: =(C25 /$C$13) * H25 +(I25 / $C$13) * N25 -> 0.41904762 | P25: =$F$8 - O25 -> 0.060952381 | Q25: =IF(D25 > E25, 1, 0) -> 0 | R25: =IF(J25 > K25, 1, 0) -> 1
A26: 4 | B26: 22.5 | C26: =COUNTIF($B$3:$B$12,"<="&B26) -> 8 | D26: =COUNTIFS($B$3:$B$12, "<=" & B26,$C$3:$C$12, 1) -> 3 | E26: =COUNTIFS($B$3:$B$12, "<=" & B26,$C$3:$C$12, 0) -> 5 | F26: =D26 / C26 -> 0.375 | G26: =E26 / C26 -> 0.625 | H26: =1 - ( F26^2 +G26^2 ) -> 0.46875 | I26: =$C$13 -C26 -> 2 | J26: =$C$14 -D26 -> 1 | K26: =$C$15 -E26 -> 1 | L26: =J26/I26 -> 0.5 | M26: =K26/I26 -> 0.5 | N26: =1 - ( L26^2 +M26^2 ) -> 0.5 | O26: =(C26 /$C$13) * H26 +(I26 / $C$13) * N26 -> 0.475 | P26: =$F$8 - O26 -> 0.005 | Q26: =IF(D26 > E26, 1, 0) -> 0 | R26: =IF(J26 > K26, 1, 0) -> 0

Sheet Tree 2
A1: Data Latih | H1: Data Uji | L1: Entropy | N1: tree 2 | O1: Data Latih | S1: Data Uji
A2: Index | B2: Age | C2: Depression | D2: No_sample | E2: Index_sample | F2: Age_T2 | G2: Dep_T2 | H2: Index | I2: Age | J2: Depression | L2: Age | N2: Index | O2: Age | P2: Depression | Q2: Pred_Tree2 | R2: Benar? | S2: Index | T2: Age | U2: Depression | V2: Pred_Tree2
A3: 0 | B3: 18 | C3: 1 | D3: 1 | E3: 2 | F3: 19 | G3: 1 | H3: 10 | I3: 20 | J3: 0 | L3: {=_xlfn._xlws.SORT(F3:F12)} -> 18 | N3: 0 | O3: 18 | P3: 1 | Q3: =IF( O3 <= $N$17,$N$18,$N$19 ) -> 0 | R3: =IF( Q3 = P3, 1, 0 ) -> 0 | S3: 10 | T3: 20 | U3: 0 | V3: =IF( T3 <= $N$17,$N$18,$N$19 ) -> 1
A4: 1 | B4: 21 | C4: 0 | D4: 2 | E4: 5 | F4: 19 | G4: 0 | L4: 18 | N4: 1 | O4: 21 | P4: 0 | Q4: =IF( O4 <= $N$17,$N$18,$N$19 ) -> 1 | R4: =IF( Q4 = P4, 1, 0 ) -> 0
A5: 2 | B5: 19 | C5: 1 | D5: 3 | E5: 6 | F5: 23 | G5: 1 | H5: Impurity Awal | L5: 18 | N5: 2 | O5: 19 | P5: 1 | Q5: =IF( O5 <= $N$17,$N$18,$N$19 ) -> 1 | R5: =IF( Q5 = P5, 1, 0 ) -> 1
A6: 3 | B6: 22 | C6: 1 | D6: 4 | E6: 0 | F6: 18 | G6: 1 | H6: Proporsi 1 | I6: =C14/C13 -> 0.6 | L6: 18 | N6: 3 | O6: 22 | P6: 1 | Q6: =IF( O6 <= $N$17,$N$18,$N$19 ) -> 1 | R6: =IF( Q6 = P6, 1, 0 ) -> 1
A7: 4 | B7: 23 | C7: 0 | D7: 5 | E7: 7 | F7: 18 | G7: 0 | H7: Proporsi 2 | I7: =C15/C13 -> 0.4 | L7: 19 | N7: 4 | O7: 23 | P7: 0 | Q7: =IF( O7 <= $N$17,$N$18,$N$19 ) -> 1 | R7: =IF( Q7 = P7, 1, 0 ) -> 0
A8: 5 | B8: 19 | C8: 0 | D8: 6 | E8: 4 | F8: 23 | G8: 0 | H8: Gini | I8: =1 - (I6^2 +I7^2 ) -> 0.48 | L8: 19 | N8: 5 | O8: 19 | P8: 0 | Q8: =IF( O8 <= $N$17,$N$18,$N$19 ) -> 1 | R8: =IF( Q8 = P8, 1, 0 ) -> 0
A9: 6 | B9: 23 | C9: 1 | D9: 7 | E9: 9 | F9: 18 | G9: 0 | I9: Calon Treshold | L9: 19 | N9: 6 | O9: 23 | P9: 1 | Q9: =IF( O9 <= $N$17,$N$18,$N$19 ) -> 1 | R9: =IF( Q9 = P9, 1, 0 ) -> 1
A10: 7 | B10: 18 | C10: 0 | D10: 8 | E10: 2 | F10: 19 | G10: 1 | H10: No | I10: Nilai A | J10: Nilai B | K10: Threshold | L10: 19 | N10: 7 | O10: 18 | P10: 0 | Q10: =IF( O10 <= $N$17,$N$18,$N$19 ) -> 0 | R10: =IF( Q10 = P10, 1, 0 ) -> 1
A11: 8 | B11: 19 | C11: 0 | D11: 9 | E11: 2 | F11: 19 | G11: 1 | H11: 1 | I11: 18 | J11: 19 | K11: =(I11 + J11)/2 -> 18.5 | L11: 23 | N11: 8 | O11: 19 | P11: 0 | Q11: =IF( O11 <= $N$17,$N$18,$N$19 ) -> 1 | R11: =IF( Q11 = P11, 1, 0 ) -> 0
A12: 9 | B12: 18 | C12: 0 | D12: 10 | E12: 0 | F12: 18 | G12: 1 | H12: 2 | I12: 19 | J12: 23 | K12: =(I12 + J12)/2 -> 21 | L12: 23 | N12: 9 | O12: 18 | P12: 0 | Q12: =IF( O12 <= $N$17,$N$18,$N$19 ) -> 0 | R12: =IF( Q12 = P12, 1, 0 ) -> 1
A13: Total Data: | C13: =COUNT(G3:G12) -> 10 | N13: Jumlah Benar | O13: =SUM(R3:R12) -> 5
A14: Total Depresi | C14: =COUNTIF(G3:G12,1) -> 6 | N14: Akurasi | O14: =O13/10 -> 0.5
A15: Total Tidak Depresi | C15: =COUNTIF(G3:G12,0) -> 4
H16: Ket: | I16: L = | J16: left | L16: Reduction terbesar = | N16: =MAX(P23:P26) -> 0.013333333
I17: R= | J17: right | L17: Threshold_Terbaik = | N17: =INDEX(B23:B26,MATCH(N16,P23:P26, 0)) -> 18.5
I18: Dep1 = | J18: depresi | L18: Pred_left_Terbaik = | N18: 0
I19: Dep 0 = | J19: tidak depresi | L19: Pred_Right_Terbaik = | N19: 1
I20: p = | J20: Probabilitas
A21: Hitung entropy Age
A22: No | B22: Threshold | C22: Total_L | D22: Dep1_L | E22: Dep0_L | F22: p1_L | G22: p0_L | H22: Gini_L | I22: Total_R | J22: Dep1_R | K22: Dep0_R | L22: p1_R | M22: p0_R | N22: Gini_R | O22: Gini_Split | P22: Reduction | Q22: Pred_Left | R22: Pred_right
A23: 1 | B23: 18.5 | C23: =COUNTIF($F$3:$F$12,"<="&B23) -> 4 | D23: =COUNTIFS($F$3:$F$12, "<=" & B23,$G$3:$G$12, 1) -> 2 | E23: =COUNTIFS($F$3:$F$12, "<=" & B23,$G$3:$G$12, 0) -> 2 | F23: =D23 / C23 -> 0.5 | G23: =E23 / C23 -> 0.5 | H23: =1 - ( F23^2 +G23^2 ) -> 0.5 | I23: =$C$13 -C23 -> 6 | J23: =$C$14 -D23 -> 4 | K23: =$C$15 -E23 -> 2 | L23: =J23/I23 -> 0.66666667 | M23: =K23/I23 -> 0.33333333 | N23: =1 - ( L23^2 +M23^2 ) -> 0.44444444 | O23: =(C23 /$C$13) * H23 +(I23 / $C$13) * N23 -> 0.46666667 | P23: =$I$8 - O23 -> 0.013333333 | Q23: =IF(D23 > E23, 1, 0) -> 0 | R23: =IF(J23 > K23, 1, 0) -> 1
A24: 2 | B24: 21 | C24: =COUNTIF($F$3:$F$12,"<="&B24) -> 8 | D24: =COUNTIFS($F$3:$F$12, "<=" & B24,$G$3:$G$12, 1) -> 5 | E24: =COUNTIFS($F$3:$F$12, "<=" & B24,$G$3:$G$12, 0) -> 3 | F24: =D24 / C24 -> 0.625 | G24: =E24 / C24 -> 0.375 | H24: =1 - ( F24^2 +G24^2 ) -> 0.46875 | I24: =$C$13 -C24 -> 2 | J24: =$C$14 -D24 -> 1 | K24: =$C$15 -E24 -> 1 | L24: =J24/I24 -> 0.5 | M24: =K24/I24 -> 0.5 | N24: =1 - ( L24^2 +M24^2 ) -> 0.5 | O24: =(C24 /$C$13) * H24 +(I24 / $C$13) * N24 -> 0.475 | P24: =$I$8 - O24 -> 0.005 | Q24: =IF(D24 > E24, 1, 0) -> 1 | R24: =IF(J24 > K24, 1, 0) -> 0

Sheet Tree 3
A1: Data Latih | H1: Data Uji | L1: Entropy | N1: tree 3
A2: Index | B2: Age | C2: Depression | D2: No_sample | E2: Index_sample | F2: Age_T3 | G2: Dep_T3 | H2: Index | I2: Age | J2: Depression | L2: Age | N2: Index | O2: Age | P2: Depression | Q2: Pred_Tree3 | R2: Benar? | S2: Index | T2: Age | U2: Depression | V2: Pred_Tree3
A3: 0 | B3: 18 | C3: 1 | D3: 1 | E3: 6 | F3: 23 | G3: 1 | H3: 10 | I3: 20 | J3: 0 | L3: {=_xlfn._xlws.SORT(F3:F12)} -> 18 | N3: 6 | O3: 18 | P3: 1 | Q3: =IF( O3 <= $N$17,$N$18,$N$19 ) -> 0 | R3: =IF( Q3 = P3, 1, 0 ) -> 0 | S3: 10 | T3: 20 | U3: 0 | V3: =IF( T3 <= $N$17,$N$18,$N$19 ) -> 0
A4: 1 | B4: 21 | C4: 0 | D4: 2 | E4: 9 | F4: 18 | G4: 0 | L4: 18 | N4: 9 | O4: 21 | P4: 0 | Q4: =IF( O4 <= $N$17,$N$18,$N$19 ) -> 0 | R4: =IF( Q4 = P4, 1, 0 ) -> 1
A5: 2 | B5: 19 | C5: 1 | D5: 3 | E5: 2 | F5: 19 | G5: 1 | H5: Impurity Awal | L5: 18 | N5: 2 | O5: 19 | P5: 1 | Q5: =IF( O5 <= $N$17,$N$18,$N$19 ) -> 0 | R5: =IF( Q5 = P5, 1, 0 ) -> 0
A6: 3 | B6: 22 | C6: 1 | D6: 4 | E6: 1 | F6: 21 | G6: 0 | H6: Proporsi 1 | I6: =C14/C13 -> 0.5 | L6: 19 | N6: 1 | O6: 22 | P6: 1 | Q6: =IF( O6 <= $N$17,$N$18,$N$19 ) -> 0 | R6: =IF( Q6 = P6, 1, 0 ) -> 0
A7: 4 | B7: 23 | C7: 0 | D7: 5 | E7: 2 | F7: 19 | G7: 1 | H7: Proporsi 2 | I7: =C15/C13 -> 0.5 | L7: 19 | N7: 2 | O7: 23 | P7: 0 | Q7: =IF( O7 <= $N$17,$N$18,$N$19 ) -> 1 | R7: =IF( Q7 = P7, 1, 0 ) -> 0
A8: 5 | B8: 19 | C8: 0 | D8: 6 | E8: 0 | F8: 18 | G8: 1 | H8: Gini | I8: =1 - (I6^2 +I7^2 ) -> 0.5 | L8: 19 | N8: 0 | O8: 19 | P8: 0 | Q8: =IF( O8 <= $N$17,$N$18,$N$19 ) -> 0 | R8: =IF( Q8 = P8, 1, 0 ) -> 1
A9: 6 | B9: 23 | C9: 1 | D9: 7 | E9: 2 | F9: 19 | G9: 1 | I9: Calon Treshold | L9: 19 | N9: 2 | O9: 23 | P9: 1 | Q9: =IF( O9 <= $N$17,$N$18,$N$19 ) -> 1 | R9: =IF( Q9 = P9, 1, 0 ) -> 1
A10: 7 | B10: 18 | C10: 0 | D10: 8 | E10: 5 | F10: 19 | G10: 0 | H10: No | I10: Nilai A | J10: Nilai B | K10: Threshold | L10: 19 | N10: 5 | O10: 18 | P10: 0 | Q10: =IF( O10 <= $N$17,$N$18,$N$19 ) -> 0 | R10: =IF( Q10 = P10, 1, 0 ) -> 1
A11: 8 | B11: 19 | C11: 0 | D11: 9 | E11: 8 | F11: 19 | G11: 0 | H11: 1 | I11: 18 | J11: 19 | K11: =(I11 + J11)/2 -> 18.5 | L11: 21 | N11: 8 | O11: 19 | P11: 0 | Q11: =IF( O11 <= $N$17,$N$18,$N$19 ) -> 0 | R11: =IF( Q11 = P11, 1, 0 ) -> 1
A12: 9 | B12: 18 | C12: 0 | D12: 10 | E12: 7 | F12: 18 | G12: 0 | H12: 2 | I12: 19 | J12: 21 | K12: =(I12 + J12)/2 -> 20 | L12: 23 | N12: 7 | O12: 18 | P12: 0 | Q12: =IF( O12 <= $N$17,$N$18,$N$19 ) -> 0 | R12: =IF( Q12 = P12, 1, 0 ) -> 1
A13: Total Data: | C13: =COUNT(G3:G12) -> 10 | H13: 2 | I13: 21 | J13: 23 | K13: =(I13 + J13)/2 -> 22 | N13: Jumlah Benar | O13: =SUM(R3:R12) -> 6
A14: Total Depresi | C14: =COUNTIF(G3:G12,1) -> 5 | N14: Akurasi | O14: =O13/10 -> 0.6
A15: Total Tidak Depresi | C15: =COUNTIF(G3:G12,0) -> 5
H16: Ket: | I16: L = | J16: left | L16: Reduction terbesar = | N16: =MAX(P23:P26) -> 0.055555556
I17: R= | J17: right | L17: Threshold_Terbaik = | N17: =INDEX(B23:B26,MATCH(N16,P23:P26, 0)) -> 22
I18: Dep1 = | J18: depresi | L18: Pred_left_Terbaik = | N18: 0
I19: Dep 0 = | J19: tidak depresi | L19: Pred_Right_Terbaik = | N19: 1
I20: p = | J20: Probabilitas
A21: Hitung entropy Age
A22: No | B22: Threshold | C22: Total_L | D22: Dep1_L | E22: Dep0_L | F22: p1_L | G22: p0_L | H22: Gini_L | I22: Total_R | J22: Dep1_R | K22: Dep0_R | L22: p1_R | M22: p0_R | N22: Gini_R | O22: Gini_Split | P22: Reduction | Q22: Pred_Left | R22: Pred_right
A23: 1 | B23: 18.5 | C23: =COUNTIF($F$3:$F$12,"<="&B23) -> 3 | D23: =COUNTIFS($F$3:$F$12, "<=" & B23,$G$3:$G$12, 1) -> 1 | E23: =COUNTIFS($F$3:$F$12, "<=" & B23,$G$3:$G$12, 0) -> 2 | F23: =D23 / C23 -> 0.33333333 | G23: =E23 / C23 -> 0.66666667 | H23: =1 - ( F23^2 +G23^2 ) -> 0.44444444 | I23: =$C$13 -C23 -> 7 | J23: =$C$14 -D23 -> 4 | K23: =$C$15 -E23 -> 3 | L23: =J23/I23 -> 0.57142857 | M23: =K23/I23 -> 0.42857143 | N23: =1 - ( L23^2 +M23^2 ) -> 0.48979592 | O23: =(C23 /$C$13) * H23 +(I23 / $C$13) * N23 -> 0.47619048 | P23: =$I$8 - O23 -> 0.023809524 | Q23: =IF(D23 > E23, 1, 0) -> 0 | R23: =IF(J23 > K23, 1, 0) -> 1
A24: 2 | B24: 20 | C24: =COUNTIF($F$3:$F$12,"<="&B24) -> 8 | D24: =COUNTIFS($F$3:$F$12, "<=" & B24,$G$3:$G$12, 1) -> 4 | E24: =COUNTIFS($F$3:$F$12, "<=" & B24,$G$3:$G$12, 0) -> 4 | F24: =D24 / C24 -> 0.5 | G24: =E24 / C24 -> 0.5 | H24: =1 - ( F24^2 +G24^2 ) -> 0.5 | I24: =$C$13 -C24 -> 2 | J24: =$C$14 -D24 -> 1 | K24: =$C$15 -E24 -> 1 | L24: =J24/I24 -> 0.5 | M24: =K24/I24 -> 0.5 | N24: =1 - ( L24^2 +M24^2 ) -> 0.5 | O24: =(C24 /$C$13) * H24 +(I24 / $C$13) * N24 -> 0.5 | P24: =$I$8 - O24 -> 0 | Q24: =IF(D24 > E24, 1, 0) -> 0 | R24: =IF(J24 > K24, 1, 0) -> 0
A25: 3 | B25: 22 | C25: =COUNTIF($F$3:$F$12,"<="&B25) -> 9 | D25: =COUNTIFS($F$3:$F$12, "<=" & B25,$G$3:$G$12, 1) -> 4 | E25: =COUNTIFS($F$3:$F$12, "<=" & B25,$G$3:$G$12, 0) -> 5 | F25: =D25 / C25 -> 0.44444444 | G25: =E25 / C25 -> 0.55555556 | H25: =1 - ( F25^2 +G25^2 ) -> 0.49382716 | I25: =$C$13 -C25 -> 1 | J25: =$C$14 -D25 -> 1 | K25: =$C$15 -E25 -> 0 | L25: =J25/I25 -> 1 | M25: =K25/I25 -> 0 | N25: =1 - ( L25^2 +M25^2 ) -> 0 | O25: =(C25 /$C$13) * H25 +(I25 / $C$13) * N25 -> 0.44444444 | P25: =$I$8 - O25 -> 0.055555556 | Q25: =IF(D25 > E25, 1, 0) -> 0 | R25: =IF(J25 > K25, 1, 0) -> 1

Sheet Tree 4
A1: Data Latih | H1: Data Uji | L1: Entropy | M1: tree 4 | N1: Data Latih | S1: Data Uji
A2: Index | B2: Age | C2: Depression | D2: No_sample | E2: Index_sample | F2: Age_T3 | G2: Dep_T3 | H2: Index | I2: Age | J2: Depression | L2: Age | M2: Index | N2: Age | O2: Depression | P2: Pred_Tree4 | Q2: Benar? | S2: Index | T2: Age | U2: Depression | V2: Pred_Tree4
A3: 0 | B3: 18 | C3: 1 | D3: 1 | E3: 5 | F3: 19 | G3: 0 | H3: 10 | I3: 20 | J3: 0 | L3: {=_xlfn._xlws.SORT(F3:F12)} -> 18 | M3: 0 | N3: 18 | O3: 1 | P3: =IF( N3 <= $N$17,$N$18,$N$19 ) -> 0 | Q3: =IF( P3 = O3, 1, 0 ) -> 0 | S3: 10 | T3: 20 | U3: 0 | V3: =IF( T3 <= $N$17,$N$18,$N$19 ) -> 0
A4: 1 | B4: 21 | C4: 0 | D4: 2 | E4: 6 | F4: 23 | G4: 1 | L4: 19 | M4: 1 | N4: 21 | O4: 0 | P4: =IF( N4 <= $N$17,$N$18,$N$19 ) -> 0 | Q4: =IF( P4 = O4, 1, 0 ) -> 1
A5: 2 | B5: 19 | C5: 1 | D5: 3 | E5: 5 | F5: 19 | G5: 0 | H5: Impurity Awal | L5: 19 | M5: 2 | N5: 19 | O5: 1 | P5: =IF( N5 <= $N$17,$N$18,$N$19 ) -> 0 | Q5: =IF( P5 = O5, 1, 0 ) -> 0
A6: 3 | B6: 22 | C6: 1 | D6: 4 | E6: 8 | F6: 19 | G6: 0 | H6: Proporsi 1 | I6: =C14/C13 -> 0.3 | L6: 19 | M6: 3 | N6: 22 | O6: 1 | P6: =IF( N6 <= $N$17,$N$18,$N$19 ) -> 1 | Q6: =IF( P6 = O6, 1, 0 ) -> 1
A7: 4 | B7: 23 | C7: 0 | D7: 5 | E7: 3 | F7: 22 | G7: 1 | H7: Proporsi 2 | I7: =C15/C13 -> 0.7 | L7: 19 | M7: 4 | N7: 23 | O7: 0 | P7: =IF( N7 <= $N$17,$N$18,$N$19 ) -> 1 | Q7: =IF( P7 = O7, 1, 0 ) -> 0
A8: 5 | B8: 19 | C8: 0 | D8: 6 | E8: 9 | F8: 18 | G8: 0 | H8: Gini | I8: =1 - (I6^2 +I7^2 ) -> 0.42 | L8: 19 | M8: 5 | N8: 19 | O8: 0 | P8: =IF( N8 <= $N$17,$N$18,$N$19 ) -> 0 | Q8: =IF( P8 = O8, 1, 0 ) -> 1
A9: 6 | B9: 23 | C9: 1 | D9: 7 | E9: 5 | F9: 19 | G9: 0 | I9: Calon Treshold | L9: 19 | M9: 6 | N9: 23 | O9: 1 | P9: =IF( N9 <= $N$17,$N$18,$N$19 ) -> 1 | Q9: =IF( P9 = O9, 1, 0 ) -> 1
A10: 7 | B10: 18 | C10: 0 | D10: 8 | E10: 8 | F10: 19 | G10: 0 | H10: No | I10: Nilai A | J10: Nilai B | K10: Threshold | L10: 21 | M10: 7 | N10: 18 | O10: 0 | P10: =IF( N10 <= $N$17,$N$18,$N$19 ) -> 0 | Q10: =IF( P10 = O10, 1, 0 ) -> 1
A11: 8 | B11: 19 | C11: 0 | D11: 9 | E11: 1 | F11: 21 | G11: 0 | H11: 1 | I11: 18 | J11: 19 | K11: =(I11 + J11)/2 -> 18.5 | L11: 22 | M11: 8 | N11: 19 | O11: 0 | P11: =IF( N11 <= $N$17,$N$18,$N$19 ) -> 0 | Q11: =IF( P11 = O11, 1, 0 ) -> 1
A12: 9 | B12: 18 | C12: 0 | D12: 10 | E12: 2 | F12: 19 | G12: 1 | H12: 2 | I12: 19 | J12: 21 | K12: =(I12 + J12)/2 -> 20 | L12: 23 | M12: 9 | N12: 18 | O12: 0 | P12: =IF( N12 <= $N$17,$N$18,$N$19 ) -> 0 | Q12: =IF( P12 = O12, 1, 0 ) -> 1
A13: Total Data: | C13: =COUNT(G3:G12) -> 10 | H13: 3 | I13: 21 | J13: 22 | K13: =(I13 + J13)/2 -> 21.5 | M13: Jumlah Benar | N13: =SUM(Q3:Q12) -> 7
A14: Total Depresi | C14: =COUNTIF(G3:G12,1) -> 3 | H14: 4 | I14: 22 | J14: 23 | K14: =(I14 + J14)/2 -> 22.5 | M14: Akurasi | N14: =N13/10 -> 0.7
A15: Total Tidak Depresi | C15: =COUNTIF(G3:G12,0) -> 7
H16: Ket: | I16: L = | J16: left | L16: Reduction terbesar = | N16: =MAX(P23:P26) -> 0.245
I17: R= | J17: right | L17: Threshold_Terbaik = | N17: =INDEX(B23:B26,MATCH(N16,P23:P26, 0)) -> 21.5
I18: Dep1 = | J18: depresi | L18: Pred_left_Terbaik = | N18: 0
I19: Dep 0 = | J19: tidak depresi | L19: Pred_Right_Terbaik = | N19: 1
I20: p = | J20: Probabilitas
A21: Hitung entropy Age
A22: No | B22: Threshold | C22: Total_L | D22: Dep1_L | E22: Dep0_L | F22: p1_L | G22: p0_L | H22: Gini_L | I22: Total_R | J22: Dep1_R | K22: Dep0_R | L22: p1_R | M22: p0_R | N22: Gini_R | O22: Gini_Split | P22: Reduction | Q22: Pred_Left | R22: Pred_right
A23: 1 | B23: 18.5 | C23: =COUNTIF($F$3:$F$12,"<="&B23) -> 1 | D23: =COUNTIFS($F$3:$F$12, "<=" & B23,$G$3:$G$12, 1) -> 0 | E23: =COUNTIFS($F$3:$F$12, "<=" & B23,$G$3:$G$12, 0) -> 1 | F23: =D23 / C23 -> 0 | G23: =E23 / C23 -> 1 | H23: =1 - ( F23^2 +G23^2 ) -> 0 | I23: =$C$13 -C23 -> 9 | J23: =$C$14 -D23 -> 3 | K23: =$C$15 -E23 -> 6 | L23: =J23/I23 -> 0.33333333 | M23: =K23/I23 -> 0.66666667 | N23: =1 - ( L23^2 +M23^2 ) -> 0.44444444 | O23: =(C23 /$C$13) * H23 +(I23 / $C$13) * N23 -> 0.4 | P23: =$I$8 - O23 -> 0.02 | Q23: =IF(D23 > E23, 1, 0) -> 0 | R23: =IF(J23 > K23, 1, 0) -> 0
A24: 2 | B24: 20 | C24: =COUNTIF($F$3:$F$12,"<="&B24) -> 7 | D24: =COUNTIFS($F$3:$F$12, "<=" & B24,$G$3:$G$12, 1) -> 1 | E24: =COUNTIFS($F$3:$F$12, "<=" & B24,$G$3:$G$12, 0) -> 6 | F24: =D24 / C24 -> 0.14285714 | G24: =E24 / C24 -> 0.85714286 | H24: =1 - ( F24^2 +G24^2 ) -> 0.24489796 | I24: =$C$13 -C24 -> 3 | J24: =$C$14 -D24 -> 2 | K24: =$C$15 -E24 -> 1 | L24: =J24/I24 -> 0.66666667 | M24: =K24/I24 -> 0.33333333 | N24: =1 - ( L24^2 +M24^2 ) -> 0.44444444 | O24: =(C24 /$C$13) * H24 +(I24 / $C$13) * N24 -> 0.3047619 | P24: =$I$8 - O24 -> 0.1152381 | Q24: =IF(D24 > E24, 1, 0) -> 0 | R24: =IF(J24 > K24, 1, 0) -> 1
A25: 3 | B25: 21.5 | C25: =COUNTIF($F$3:$F$12,"<="&B25) -> 8 | D25: =COUNTIFS($F$3:$F$12, "<=" & B25,$G$3:$G$12, 1) -> 1 | E25: =COUNTIFS($F$3:$F$12, "<=" & B25,$G$3:$G$12, 0) -> 7 | F25: =D25 / C25 -> 0.125 | G25: =E25 / C25 -> 0.875 | H25: =1 - ( F25^2 +G25^2 ) -> 0.21875 | I25: =$C$13 -C25 -> 2 | J25: =$C$14 -D25 -> 2 | K25: =$C$15 -E25 -> 0 | L25: =J25/I25 -> 1 | M25: =K25/I25 -> 0 | N25: =1 - ( L25^2 +M25^2 ) -> 0 | O25: =(C25 /$C$13) * H25 +(I25 / $C$13) * N25 -> 0.175 | P25: =$I$8 - O25 -> 0.245 | Q25: =IF(D25 > E25, 1, 0) -> 0 | R25: =IF(J25 > K25, 1, 0) -> 1
A26: 4 | B26: 22.5 | C26: =COUNTIF($F$3:$F$12,"<="&B26) -> 9 | D26: =COUNTIFS($F$3:$F$12, "<=" & B26,$G$3:$G$12, 1) -> 2 | E26: =COUNTIFS($F$3:$F$12, "<=" & B26,$G$3:$G$12, 0) -> 7 | F26: =D26 / C26 -> 0.22222222 | G26: =E26 / C26 -> 0.77777778 | H26: =1 - ( F26^2 +G26^2 ) -> 0.34567901 | I26: =$C$13 -C26 -> 1 | J26: =$C$14 -D26 -> 1 | K26: =$C$15 -E26 -> 0 | L26: =J26/I26 -> 1 | M26: =K26/I26 -> 0 | N26: =1 - ( L26^2 +M26^2 ) -> 0 | O26: =(C26 /$C$13) * H26 +(I26 / $C$13) * N26 -> 0.31111111 | P26: =$I$8 - O26 -> 0.10888889 | Q26: =IF(D26 > E26, 1, 0) -> 0 | R26: =IF(J26 > K26, 1, 0) -> 1
G29: =RANDBETWEEN(0,9) -> 3
G30: {=INDEX($B$3:$B$12, E3+1)} -> 19
G31: {=INDEX($B$3:$B$12, E3+1)} -> 19

Sheet Tree 5
A1: Data Latih | H1: Data Uji | L1: Entropy | M1: tree 5
A2: Index | B2: Age | C2: Depression | D2: No_sample | E2: Index_sample | F2: Age_T3 | G2: Dep_T3 | H2: Index | I2: Age | J2: Depression | L2: Age | M2: Index | N2: Age | O2: Depression | P2: Pred_Tree5 | Q2: Benar? | S2: Index | T2: Age | U2: Depression | V2: Pred_Tree5
A3: 0 | B3: 18 | C3: 1 | D3: 1 | E3: 5 | F3: 19 | G3: 0 | H3: 10 | I3: 20 | J3: 0 | L3: {=_xlfn._xlws.SORT(F3:F12)} -> 18 | M3: 0 | N3: 18 | O3: 1 | P3: =IF( N3 <= $N$17,$N$18,$N$19 ) -> 0 | Q3: =IF( P3 = O3, 1, 0 ) -> 0 | S3: 10 | T3: 20 | U3: 0 | V3: =IF( T3 <= $N$17,$N$18,$N$19 ) -> 0
A4: 1 | B4: 21 | C4: 0 | D4: 2 | E4: 9 | F4: 18 | G4: 0 | L4: 18 | M4: 1 | N4: 21 | O4: 0 | P4: =IF( N4 <= $N$17,$N$18,$N$19 ) -> 0 | Q4: =IF( P4 = O4, 1, 0 ) -> 1
A5: 2 | B5: 19 | C5: 1 | D5: 3 | E5: 8 | F5: 19 | G5: 0 | H5: Impurity Awal | L5: 19 | M5: 2 | N5: 19 | O5: 1 | P5: =IF( N5 <= $N$17,$N$18,$N$19 ) -> 0 | Q5: =IF( P5 = O5, 1, 0 ) -> 0
A6: 3 | B6: 22 | C6: 1 | D6: 4 | E6: 5 | F6: 19 | G6: 0 | H6: Proporsi 1 | I6: =C14/C13 -> 0.1 | L6: 19 | M6: 3 | N6: 22 | O6: 1 | P6: =IF( N6 <= $N$17,$N$18,$N$19 ) -> 0 | Q6: =IF( P6 = O6, 1, 0 ) -> 0
A7: 4 | B7: 23 | C7: 0 | D7: 5 | E7: 1 | F7: 21 | G7: 0 | H7: Proporsi 2 | I7: =C15/C13 -> 0.9 | L7: 19 | M7: 4 | N7: 23 | O7: 0 | P7: =IF( N7 <= $N$17,$N$18,$N$19 ) -> 0 | Q7: =IF( P7 = O7, 1, 0 ) -> 1
A8: 5 | B8: 19 | C8: 0 | D8: 6 | E8: 9 | F8: 18 | G8: 0 | H8: Gini | I8: =1 - (I6^2 +I7^2 ) -> 0.18 | L8: 19 | M8: 5 | N8: 19 | O8: 0 | P8: =IF( N8 <= $N$17,$N$18,$N$19 ) -> 0 | Q8: =IF( P8 = O8, 1, 0 ) -> 1
A9: 6 | B9: 23 | C9: 1 | D9: 7 | E9: 8 | F9: 19 | G9: 0 | I9: Calon Treshold | L9: 19 | M9: 6 | N9: 23 | O9: 1 | P9: =IF( N9 <= $N$17,$N$18,$N$19 ) -> 0 | Q9: =IF( P9 = O9, 1, 0 ) -> 0
A10: 7 | B10: 18 | C10: 0 | D10: 8 | E10: 4 | F10: 23 | G10: 0 | H10: No | I10: Nilai A | J10: Nilai B | K10: Threshold | L10: 21 | M10: 7 | N10: 18 | O10: 0 | P10: =IF( N10 <= $N$17,$N$18,$N$19 ) -> 0 | Q10: =IF( P10 = O10, 1, 0 ) -> 1
A11: 8 | B11: 19 | C11: 0 | D11: 9 | E11: 4 | F11: 23 | G11: 0 | H11: 1 | I11: 18 | J11: 19 | K11: =(I11 + J11)/2 -> 18.5 | L11: 23 | M11: 8 | N11: 19 | O11: 0 | P11: =IF( N11 <= $N$17,$N$18,$N$19 ) -> 0 | Q11: =IF( P11 = O11, 1, 0 ) -> 1
A12: 9 | B12: 18 | C12: 0 | D12: 10 | E12: 2 | F12: 19 | G12: 1 | H12: 2 | I12: 19 | J12: 21 | K12: =(I12 + J12)/2 -> 20 | L12: 23 | M12: 9 | N12: 18 | O12: 0 | P12: =IF( N12 <= $N$17,$N$18,$N$19 ) -> 0 | Q12: =IF( P12 = O12, 1, 0 ) -> 1
A13: Total Data: | C13: =COUNT(G3:G12) -> 10 | H13: 3 | I13: 21 | J13: 23 | K13: =(I13 + J13)/2 -> 22 | M13: Jumlah Benar | N13: =SUM(Q3:Q12) -> 6
A14: Total Depresi | C14: =COUNTIF(G3:G12,1) -> 1 | M14: Akurasi | N14: =N13/10 -> 0.6
A15: Total Tidak Depresi | C15: =COUNTIF(G3:G12,0) -> 9
H16: Ket: | I16: L = | J16: left | L16: Reduction terbesar = | N16: =MAX(P23:P26) -> 0.0085714286
I17: R= | J17: right | L17: Threshold_Terbaik = | N17: =INDEX(B23:B26,MATCH(N16,P23:P26, 0)) -> 20
I18: Dep1 = | J18: depresi | L18: Pred_left_Terbaik = | N18: 0
I19: Dep 0 = | J19: tidak depresi | L19: Pred_Right_Terbaik = | N19: 0
I20: p = | J20: Probabilitas
A21: Hitung entropy Age
A22: No | B22: Threshold | C22: Total_L | D22: Dep1_L | E22: Dep0_L | F22: p1_L | G22: p0_L | H22: Gini_L | I22: Total_R | J22: Dep1_R | K22: Dep0_R | L22: p1_R | M22: p0_R | N22: Gini_R | O22: Gini_Split | P22: Reduction | Q22: Pred_Left | R22: Pred_right
A23: 1 | B23: 18.5 | C23: =COUNTIF($F$3:$F$12,"<="&B23) -> 2 | D23: =COUNTIFS($F$3:$F$12, "<=" & B23,$G$3:$G$12, 1) -> 0 | E23: =COUNTIFS($F$3:$F$12, "<=" & B23,$G$3:$G$12, 0) -> 2 | F23: =D23 / C23 -> 0 | G23: =E23 / C23 -> 1 | H23: =1 - ( F23^2 +G23^2 ) -> 0 | I23: =$C$13 -C23 -> 8 | J23: =$C$14 -D23 -> 1 | K23: =$C$15 -E23 -> 7 | L23: =J23/I23 -> 0.125 | M23: =K23/I23 -> 0.875 | N23: =1 - ( L23^2 +M23^2 ) -> 0.21875 | O23: =(C23 /$C$13) * H23 +(I23 / $C$13) * N23 -> 0.175 | P23: =$I$8 - O23 -> 0.005 | Q23: =IF(D23 > E23, 1, 0) -> 0 | R23: =IF(J23 > K23, 1, 0) -> 0
A24: 2 | B24: 20 | C24: =COUNTIF($F$3:$F$12,"<="&B24) -> 7 | D24: =COUNTIFS($F$3:$F$12, "<=" & B24,$G$3:$G$12, 1) -> 1 | E24: =COUNTIFS($F$3:$F$12, "<=" & B24,$G$3:$G$12, 0) -> 6 | F24: =D24 / C24 -> 0.14285714 | G24: =E24 / C24 -> 0.85714286 | H24: =1 - ( F24^2 +G24^2 ) -> 0.24489796 | I24: =$C$13 -C24 -> 3 | J24: =$C$14 -D24 -> 0 | K24: =$C$15 -E24 -> 3 | L24: =J24/I24 -> 0 | M24: =K24/I24 -> 1 | N24: =1 - ( L24^2 +M24^2 ) -> 0 | O24: =(C24 /$C$13) * H24 +(I24 / $C$13) * N24 -> 0.17142857 | P24: =$I$8 - O24 -> 0.0085714286 | Q24: =IF(D24 > E24, 1, 0) -> 0 | R24: =IF(J24 > K24, 1, 0) -> 0
A25: 3 | B25: 22 | C25: =COUNTIF($F$3:$F$12,"<="&B25) -> 8 | D25: =COUNTIFS($F$3:$F$12, "<=" & B25,$G$3:$G$12, 1) -> 1 | E25: =COUNTIFS($F$3:$F$12, "<=" & B25,$G$3:$G$12, 0) -> 7 | F25: =D25 / C25 -> 0.125 | G25: =E25 / C25 -> 0.875 | H25: =1 - ( F25^2 +G25^2 ) -> 0.21875 | I25: =$C$13 -C25 -> 2 | J25: =$C$14 -D25 -> 0 | K25: =$C$15 -E25 -> 2 | L25: =J25/I25 -> 0 | M25: =K25/I25 -> 1 | N25: =1 - ( L25^2 +M25^2 ) -> 0 | O25: =(C25 /$C$13) * H25 +(I25 / $C$13) * N25 -> 0.175 | P25: =$I$8 - O25 -> 0.005 | Q25: =IF(D25 > E25, 1, 0) -> 0 | R25: =IF(J25 > K25, 1, 0) -> 0

Sheet random forest
A1: Data Latih
A2: Index | B2: Age | C2: Depression | D2: Pred_Tree1 | E2: Pred_Tree2 | F2: Pred_Tree3 | G2: Pred_Tree4 | H2: Pred_Tree5 | I2: Vote_1 | J2: Vote_0 | K2: Pred_RF | L2: Benar
A3: 0 | B3: 18 | C3: 1 | D3: ='Tree 1'!O3 -> 0 | E3: ='Tree 2'!Q3 -> 0 | F3: ='Tree 3'!Q3 -> 0 | G3: ='Tree 4'!P3 -> 0 | H3: ='Tree 5'!P3 -> 0 | I3: =COUNTIF(D3:H3,1) -> 0 | J3: =COUNTIF(D3:H3,0) -> 5 | K3: =IF(I3>J3,1,0) -> 0 | L3: =IF(K3=C3,1,0) -> 0 | M3: akurasi | N3: =SUM(L3:L12)/10 -> 0.7
A4: 1 | B4: 21 | C4: 0 | D4: ='Tree 1'!O4 -> 0 | E4: ='Tree 2'!Q4 -> 1 | F4: ='Tree 3'!Q4 -> 0 | G4: ='Tree 4'!P4 -> 0 | H4: ='Tree 5'!P4 -> 0 | I4: =COUNTIF(D4:H4,1) -> 1 | J4: =COUNTIF(D4:H4,0) -> 4 | K4: =IF(I4>J4,1,0) -> 0 | L4: =IF(K4=C4,1,0) -> 1
A5: 2 | B5: 19 | C5: 1 | D5: ='Tree 1'!O5 -> 0 | E5: ='Tree 2'!Q5 -> 1 | F5: ='Tree 3'!Q5 -> 0 | G5: ='Tree 4'!P5 -> 0 | H5: ='Tree 5'!P5 -> 0 | I5: =COUNTIF(D5:H5,1) -> 1 | J5: =COUNTIF(D5:H5,0) -> 4 | K5: =IF(I5>J5,1,0) -> 0 | L5: =IF(K5=C5,1,0) -> 0
A6: 3 | B6: 22 | C6: 1 | D6: ='Tree 1'!O6 -> 1 | E6: ='Tree 2'!Q6 -> 1 | F6: ='Tree 3'!Q6 -> 0 | G6: ='Tree 4'!P6 -> 1 | H6: ='Tree 5'!P6 -> 0 | I6: =COUNTIF(D6:H6,1) -> 3 | J6: =COUNTIF(D6:H6,0) -> 2 | K6: =IF(I6>J6,1,0) -> 1 | L6: =IF(K6=C6,1,0) -> 1
A7: 4 | B7: 23 | C7: 0 | D7: ='Tree 1'!O7 -> 1 | E7: ='Tree 2'!Q7 -> 1 | F7: ='Tree 3'!Q7 -> 1 | G7: ='Tree 4'!P7 -> 1 | H7: ='Tree 5'!P7 -> 0 | I7: =COUNTIF(D7:H7,1) -> 4 | J7: =COUNTIF(D7:H7,0) -> 1 | K7: =IF(I7>J7,1,0) -> 1 | L7: =IF(K7=C7,1,0) -> 0
A8: 5 | B8: 19 | C8: 0 | D8: ='Tree 1'!O8 -> 0 | E8: ='Tree 2'!Q8 -> 1 | F8: ='Tree 3'!Q8 -> 0 | G8: ='Tree 4'!P8 -> 0 | H8: ='Tree 5'!P8 -> 0 | I8: =COUNTIF(D8:H8,1) -> 1 | J8: =COUNTIF(D8:H8,0) -> 4 | K8: =IF(I8>J8,1,0) -> 0 | L8: =IF(K8=C8,1,0) -> 1
A9: 6 | B9: 23 | C9: 1 | D9: ='Tree 1'!O9 -> 1 | E9: ='Tree 2'!Q9 -> 1 | F9: ='Tree 3'!Q9 -> 1 | G9: ='Tree 4'!P9 -> 1 | H9: ='Tree 5'!P9 -> 0 | I9: =COUNTIF(D9:H9,1) -> 4 | J9: =COUNTIF(D9:H9,0) -> 1 | K9: =IF(I9>J9,1,0) -> 1 | L9: =IF(K9=C9,1,0) -> 1
A10: 7 | B10: 18 | C10: 0 | D10: ='Tree 1'!O10 -> 0 | E10: ='Tree 2'!Q10 -> 0 | F10: ='Tree 3'!Q10 -> 0 | G10: ='Tree 4'!P10 -> 0 | H10: ='Tree 5'!P10 -> 0 | I10: =COUNTIF(D10:H10,1) -> 0 | J10: =COUNTIF(D10:H10,0) -> 5 | K10: =IF(I10>J10,1,0) -> 0 | L10: =IF(K10=C10,1,0) -> 1
A11: 8 | B11: 19 | C11: 0 | D11: ='Tree 1'!O11 -> 0 | E11: ='Tree 2'!Q11 -> 1 | F11: ='Tree 3'!Q11 -> 0 | G11: ='Tree 4'!P11 -> 0 | H11: ='Tree 5'!P11 -> 0 | I11: =COUNTIF(D11:H11,1) -> 1 | J11: =COUNTIF(D11:H11,0) -> 4 | K11: =IF(I11>J11,1,0) -> 0 | L11: =IF(K11=C11,1,0) -> 1
A12: 9 | B12: 18 | C12: 0 | D12: ='Tree 1'!O12 -> 0 | E12: ='Tree 2'!Q12 -> 0 | F12: ='Tree 3'!Q12 -> 0 | G12: ='Tree 4'!P12 -> 0 | H12: ='Tree 5'!P12 -> 0 | I12: =COUNTIF(D12:H12,1) -> 0 | J12: =COUNTIF(D12:H12,0) -> 5 | K12: =IF(I12>J12,1,0) -> 0 | L12: =IF(K12=C12,1,0) -> 1
A13: Data Uji
A14: Index | B14: Age | C14: Depression | D14: Pred_Tree1 | E14: Pred_Tree2 | F14: Pred_Tree3 | G14: Pred_Tree4 | H14: Pred_Tree5 | I14: Vote_1 | J14: Vote_0 | K14: Pred_RF | L14: Benar
A15: 10 | B15: 20 | C15: 0 | D15: =IF(B15<=21.5,0,1) -> 0 | E15: =IF(B15<=18.5,0,1) -> 1 | F15: =IF(B15<=22,0,1) -> 0 | G15: =IF(B15<=21.5,0,1) -> 0 | H15: =0 -> 0 | I15: =COUNTIF(D15:H15,1) -> 1 | J15: =COUNTIF(D15:H15,0) -> 4 | K15: =IF(I15>J15,1,0) -> 0 | L15: =IF(K15=C15,1,0) -> 1
